id,name,email
1,josh,josh@joshlong.com
2,dashaun,dashaun@dashaun.com
3,james,james@jamesward.dev
4,james,james@techhub.io
5,ava,ava@joshlong.com
6,spencer,spencer8@techhub.io
7,james,james53@devlive.com
8,oliver,oliver29@techhub.io
9,zoe,zoe@dashaun.com
10,zoe,zoe42@devlive.com
11,emma,emma@jamesward.dev
12,spencer,spencer@dashaun.com
13,spencer,spencer@jamesward.dev
14,sofia,sofia@joshlong.com
15,oliver,oliver@devlive.com
16,sofia,sofia@techhub.io
17,noah,noah49@codemail.net
18,liam,liam@techhub.io
19,ava,ava36@dashaun.com
20,mia,mia9@techhub.io
21,ava,ava93@techhub.io
22,ethan,ethan@springsource.org
23,lucas,lucas59@springsource.org
24,sofia,sofia49@jamesward.dev
25,sofia,sofia@techhub.io
26,zoe,zoe@devlive.com
27,oliver,oliver@dashaun.com
28,noah,noah75@dashaun.com
29,zoe,zoe@dashaun.com
30,james,james41@springsource.org
31,oliver,oliver54@jamesward.dev
32,liam,liam54@dashaun.com
33,dashaun,dashaun@springsource.org
34,noah,noah23@techhub.io
35,tiffany,tiffany67@codemail.net
36,spencer,spencer21@codemail.net
37,emma,emma@dashaun.com
38,liam,liam49@dashaun.com
39,spencer,spencer@codemail.net
40,lucas,lucas86@joshlong.com
41,tiffany,tiffany@springsource.org
42,tiffany,tiffany19@techhub.io
43,dashaun,dashaun55@codemail.net
44,oliver,oliver23@jamesward.dev
45,tiffany,tiffany29@codemail.net
46,josh,josh45@springsource.org
47,zoe,zoe76@springsource.org
48,ethan,ethan@devlive.com
49,liam,liam80@techhub.io
50,lucas,lucas73@devlive.com
51,lucas,lucas@springsource.org
52,oliver,oliver@jamesward.dev
53,dashaun,dashaun95@techhub.io
54,matt,matt@techhub.io
55,dashaun,dashaun61@devlive.com
56,oliver,oliver84@dashaun.com
57,ava,ava26@springsource.org
58,lucas,lucas8@jamesward.dev
59,noah,noah69@jamesward.dev
60,spencer,spencer42@joshlong.com
61,emma,emma@jamesward.dev
62,noah,noah@jamesward.dev
63,matt,matt67@techhub.io
64,spencer,spencer66@joshlong.com
65,sofia,sofia74@jamesward.dev
66,sofia,sofia34@joshlong.com
67,liam,liam8@techhub.io
68,mia,mia94@springsource.org
69,emma,emma37@dashaun.com
70,matt,matt@techhub.io
71,dashaun,dashaun22@springsource.org
72,noah,noah30@springsource.org
73,tiffany,tiffany65@joshlong.com
74,james,james@springsource.org
75,liam,liam@dashaun.com
76,liam,liam28@springsource.org
77,james,james@jamesward.dev
78,ava,ava47@codemail.net
79,lucas,lucas@jamesward.dev
80,mia,mia86@dashaun.com
81,oliver,oliver17@jamesward.dev
82,sofia,sofia58@springsource.org
83,ava,ava26@codemail.net
84,mia,mia48@techhub.io
85,ethan,ethan@techhub.io
86,tiffany,tiffany@codemail.net
87,ava,ava@dashaun.com
88,dashaun,dashaun83@springsource.org
89,dashaun,dashaun36@dashaun.com
90,ava,ava@techhub.io
91,noah,noah@dashaun.com
92,james,james97@jamesward.dev
93,matt,matt16@techhub.io
94,ethan,ethan7@codemail.net
95,dashaun,dashaun@codemail.net
96,dashaun,dashaun13@codemail.net
97,oliver,oliver@jamesward.dev
98,mia,mia85@joshlong.com
99,liam,liam56@jamesward.dev
100,ethan,ethan94@joshlong.com
101,josh,josh75@devlive.com
102,liam,liam73@techhub.io
103,tiffany,tiffany@springsource.org
104,sofia,sofia@dashaun.com
105,emma,emma8@jamesward.dev
106,sofia,sofia82@joshlong.com
107,zoe,zoe@codemail.net
108,dashaun,dashaun55@joshlong.com
109,zoe,zoe@techhub.io
110,liam,liam74@devlive.com
111,emma,emma48@techhub.io
112,james,james@springsource.org
113,liam,liam@jamesward.dev
114,zoe,zoe@joshlong.com
115,noah,noah@codemail.net
116,mia,mia10@codemail.net
117,james,james66@codemail.net
118,liam,liam56@springsource.org
119,noah,noah5@jamesward.dev
120,lucas,lucas@joshlong.com
121,ethan,ethan@devlive.com
122,liam,liam40@dashaun.com
123,noah,noah@springsource.org
124,matt,matt47@codemail.net
125,zoe,zoe59@joshlong.com
126,lucas,lucas@joshlong.com
127,dashaun,dashaun@jamesward.dev
128,sofia,sofia49@dashaun.com
129,mia,mia@codemail.net
130,josh,josh59@techhub.io
131,josh,josh78@codemail.net
132,james,james76@devlive.com
133,tiffany,tiffany@springsource.org
134,oliver,oliver62@codemail.net
135,emma,emma92@dashaun.com
136,josh,josh10@techhub.io
137,noah,noah11@joshlong.com
138,spencer,spencer@techhub.io
139,matt,matt15@techhub.io
140,zoe,zoe@dashaun.com
141,oliver,oliver@techhub.io
142,tiffany,tiffany@techhub.io
143,tiffany,tiffany42@codemail.net
144,sofia,sofia87@joshlong.com
145,dashaun,dashaun@springsource.org
146,zoe,zoe61@jamesward.dev
147,josh,josh87@codemail.net
148,emma,emma86@codemail.net
149,emma,emma@springsource.org
150,josh,josh@springsource.org
151,ava,ava98@jamesward.dev
152,noah,noah@joshlong.com
153,spencer,spencer@codemail.net
154,ethan,ethan@springsource.org
155,dashaun,dashaun@springsource.org
156,liam,liam92@devlive.com
157,liam,liam40@joshlong.com
158,dashaun,dashaun80@devlive.com
159,matt,matt@springsource.org
160,zoe,zoe@dashaun.com
161,ava,ava@devlive.com
162,emma,emma@springsource.org
163,james,james@techhub.io
164,oliver,oliver2@springsource.org
165,spencer,spencer@springsource.org
166,spencer,spencer@springsource.org
167,spencer,spencer45@joshlong.com
168,james,james25@codemail.net
169,dashaun,dashaun87@dashaun.com
170,lucas,lucas@jamesward.dev
171,dashaun,dashaun@codemail.net
172,tiffany,tiffany87@jamesward.dev
173,lucas,lucas72@joshlong.com
174,ethan,ethan@joshlong.com
175,ava,ava59@jamesward.dev
176,noah,noah77@codemail.net
177,ava,ava@techhub.io
178,matt,matt@dashaun.com
179,james,james22@dashaun.com
180,lucas,lucas9@jamesward.dev
181,noah,noah@jamesward.dev
182,matt,matt@dashaun.com
183,mia,mia60@techhub.io
184,josh,josh8@techhub.io
185,sofia,sofia@codemail.net
186,lucas,lucas@dashaun.com
187,josh,josh86@devlive.com
188,lucas,lucas@devlive.com
189,mia,mia26@dashaun.com
190,zoe,zoe30@devlive.com
191,sofia,sofia@codemail.net
192,josh,josh56@dashaun.com
193,liam,liam@jamesward.dev
194,josh,josh36@techhub.io
195,emma,emma@techhub.io
196,mia,mia96@devlive.com
197,liam,liam@springsource.org
198,ethan,ethan@springsource.org
199,sofia,sofia23@techhub.io
200,spencer,spencer@springsource.org
201,oliver,oliver96@jamesward.dev
202,zoe,zoe@jamesward.dev
203,liam,liam77@dashaun.com
204,dashaun,dashaun91@springsource.org
205,josh,josh9@dashaun.com
206,mia,mia@techhub.io
207,liam,liam16@springsource.org
208,matt,matt77@jamesward.dev
209,dashaun,dashaun93@springsource.org
210,sofia,sofia@dashaun.com
211,liam,liam@dashaun.com
212,ethan,ethan59@jamesward.dev
213,zoe,zoe59@devlive.com
214,spencer,spencer20@jamesward.dev
215,josh,josh@devlive.com
216,sofia,sofia46@codemail.net
217,emma,emma85@codemail.net
218,ava,ava@techhub.io
219,dashaun,dashaun@dashaun.com
220,josh,josh7@codemail.net
221,oliver,oliver66@joshlong.com
222,oliver,oliver@techhub.io
223,sofia,sofia29@jamesward.dev
224,oliver,oliver73@codemail.net
225,james,james@springsource.org
226,ava,ava93@codemail.net
227,mia,mia75@dashaun.com
228,sofia,sofia@dashaun.com
229,emma,emma9@springsource.org
230,liam,liam@codemail.net
231,dashaun,dashaun@techhub.io
232,zoe,zoe91@springsource.org
233,dashaun,dashaun@devlive.com
234,sofia,sofia78@springsource.org
235,mia,mia@techhub.io
236,tiffany,tiffany@jamesward.dev
237,dashaun,dashaun8@devlive.com
238,matt,matt@jamesward.dev
239,spencer,spencer38@codemail.net
240,zoe,zoe@techhub.io
241,oliver,oliver14@codemail.net
242,spencer,spencer57@devlive.com
243,james,james@techhub.io
244,zoe,zoe@joshlong.com
245,spencer,spencer@joshlong.com
246,lucas,lucas@jamesward.dev
247,ava,ava@techhub.io
248,sofia,sofia47@joshlong.com
249,lucas,lucas@codemail.net
250,mia,mia18@devlive.com
251,sofia,sofia@devlive.com
252,noah,noah@jamesward.dev
253,tiffany,tiffany@techhub.io
254,oliver,oliver32@devlive.com
255,ava,ava4@dashaun.com
256,sofia,sofia78@techhub.io
257,liam,liam@dashaun.com
258,noah,noah@jamesward.dev
259,ethan,ethan@techhub.io
260,josh,josh@jamesward.dev
261,james,james@springsource.org
262,dashaun,dashaun37@joshlong.com
263,mia,mia@codemail.net
264,mia,mia47@dashaun.com
265,tiffany,tiffany@techhub.io
266,noah,noah99@dashaun.com
267,josh,josh55@techhub.io
268,matt,matt@techhub.io
269,ethan,ethan@joshlong.com
270,emma,emma93@techhub.io
271,mia,mia@joshlong.com
272,oliver,oliver59@springsource.org
273,spencer,spencer@techhub.io
274,spencer,spencer@dashaun.com
275,lucas,lucas@codemail.net
276,tiffany,tiffany@devlive.com
277,sofia,sofia@codemail.net
278,lucas,lucas29@springsource.org
279,matt,matt91@devlive.com
280,oliver,oliver91@dashaun.com
281,james,james@devlive.com
282,zoe,zoe3@springsource.org
283,ethan,ethan10@joshlong.com
284,tiffany,tiffany@springsource.org
285,tiffany,tiffany15@techhub.io
286,emma,emma25@codemail.net
287,lucas,lucas56@dashaun.com
288,emma,emma63@dashaun.com
289,zoe,zoe50@devlive.com
290,sofia,sofia5@dashaun.com
291,lucas,lucas@devlive.com
292,dashaun,dashaun@dashaun.com
293,mia,mia50@springsource.org
294,spencer,spencer53@dashaun.com
295,ava,ava@jamesward.dev
296,mia,mia39@springsource.org
297,noah,noah10@codemail.net
298,josh,josh@dashaun.com
299,oliver,oliver@joshlong.com
300,emma,emma13@dashaun.com
301,matt,matt3@techhub.io
302,mia,mia12@joshlong.com
303,emma,emma53@devlive.com
304,mia,mia2@techhub.io
305,sofia,sofia@springsource.org
306,mia,mia14@springsource.org
307,emma,emma@codemail.net
308,liam,liam@jamesward.dev
309,mia,mia@jamesward.dev
310,james,james51@springsource.org
311,zoe,zoe2@devlive.com
312,spencer,spencer61@springsource.org
313,ava,ava@joshlong.com
314,emma,emma@jamesward.dev
315,oliver,oliver99@springsource.org
316,liam,liam50@codemail.net
317,josh,josh@springsource.org
318,noah,noah@techhub.io
319,james,james13@techhub.io
320,ava,ava45@joshlong.com
321,noah,noah@dashaun.com
322,ethan,ethan@springsource.org
323,mia,mia@techhub.io
324,emma,emma50@codemail.net
325,tiffany,tiffany82@jamesward.dev
326,james,james41@techhub.io
327,josh,josh@devlive.com
328,spencer,spencer8@joshlong.com
329,matt,matt@springsource.org
330,ethan,ethan47@springsource.org
331,dashaun,dashaun99@dashaun.com
332,ava,ava@joshlong.com
333,spencer,spencer@codemail.net
334,sofia,sofia@codemail.net
335,ava,ava68@dashaun.com
336,josh,josh@joshlong.com
337,james,james7@joshlong.com
338,spencer,spencer@devlive.com
339,spencer,spencer@joshlong.com
340,matt,matt@devlive.com
341,ava,ava@springsource.org
342,noah,noah@springsource.org
343,ava,ava@codemail.net
344,mia,mia@codemail.net
345,liam,liam@joshlong.com
346,ava,ava@codemail.net
347,mia,mia5@techhub.io
348,sofia,sofia@techhub.io
349,james,james@techhub.io
350,emma,emma52@devlive.com
351,james,james@devlive.com
352,tiffany,tiffany85@techhub.io
353,ava,ava85@dashaun.com
354,mia,mia60@devlive.com
355,mia,mia@springsource.org
356,dashaun,dashaun68@techhub.io
357,ethan,ethan64@codemail.net
358,josh,josh@codemail.net
359,zoe,zoe@devlive.com
360,dashaun,dashaun88@jamesward.dev
361,zoe,zoe@techhub.io
362,oliver,oliver86@techhub.io
363,sofia,sofia@jamesward.dev
364,liam,liam98@codemail.net
365,dashaun,dashaun@codemail.net
366,james,james@joshlong.com
367,matt,matt40@jamesward.dev
368,zoe,zoe17@dashaun.com
369,liam,liam@devlive.com
370,james,james48@techhub.io
371,matt,matt67@techhub.io
372,mia,mia54@techhub.io
373,james,james85@dashaun.com
374,spencer,spencer17@dashaun.com
375,lucas,lucas79@joshlong.com
376,zoe,zoe@dashaun.com
377,josh,josh@codemail.net
378,josh,josh@jamesward.dev
379,noah,noah@springsource.org
380,noah,noah@dashaun.com
381,noah,noah@joshlong.com
382,liam,liam@codemail.net
383,tiffany,tiffany@springsource.org
384,josh,josh69@devlive.com
385,ethan,ethan@codemail.net
386,tiffany,tiffany58@jamesward.dev
387,emma,emma8@joshlong.com
388,ethan,ethan@techhub.io
389,oliver,oliver@dashaun.com
390,zoe,zoe@springsource.org
391,dashaun,dashaun@techhub.io
392,spencer,spencer73@joshlong.com
393,zoe,zoe70@jamesward.dev
394,ava,ava@dashaun.com
395,oliver,oliver5@joshlong.com
396,liam,liam@dashaun.com
397,liam,liam72@codemail.net
398,lucas,lucas8@techhub.io
399,oliver,oliver@techhub.io
400,ava,ava@codemail.net
401,lucas,lucas19@joshlong.com
402,dashaun,dashaun@jamesward.dev
403,james,james88@devlive.com
404,dashaun,dashaun@codemail.net
405,ethan,ethan81@codemail.net
406,zoe,zoe@springsource.org
407,james,james72@devlive.com
408,lucas,lucas@joshlong.com
409,ava,ava76@codemail.net
410,emma,emma@dashaun.com
411,james,james49@techhub.io
412,spencer,spencer@techhub.io
413,ethan,ethan@jamesward.dev
414,ava,ava@techhub.io
415,noah,noah61@dashaun.com
416,lucas,lucas@springsource.org
417,ethan,ethan70@techhub.io
418,emma,emma61@dashaun.com
419,matt,matt16@devlive.com
420,ethan,ethan@techhub.io
421,emma,emma@jamesward.dev
422,oliver,oliver@techhub.io
423,spencer,spencer15@joshlong.com
424,tiffany,tiffany@devlive.com
425,tiffany,tiffany86@dashaun.com
426,emma,emma@codemail.net
427,tiffany,tiffany@dashaun.com
428,emma,emma34@dashaun.com
429,lucas,lucas@joshlong.com
430,mia,mia23@jamesward.dev
431,matt,matt75@devlive.com
432,spencer,spencer@jamesward.dev
433,emma,emma@joshlong.com
434,josh,josh94@dashaun.com
435,josh,josh81@joshlong.com
436,tiffany,tiffany30@springsource.org
437,zoe,zoe@codemail.net
438,matt,matt56@jamesward.dev
439,spencer,spencer@devlive.com
440,tiffany,tiffany41@dashaun.com
441,dashaun,dashaun@dashaun.com
442,josh,josh66@dashaun.com
443,emma,emma64@codemail.net
444,matt,matt@jamesward.dev
445,spencer,spencer@dashaun.com
446,james,james71@dashaun.com
447,james,james98@dashaun.com
448,ethan,ethan@dashaun.com
449,matt,matt@dashaun.com
450,matt,matt14@springsource.org
451,ethan,ethan@joshlong.com
452,liam,liam@jamesward.dev
453,sofia,sofia@codemail.net
454,oliver,oliver@joshlong.com
455,zoe,zoe14@joshlong.com
456,josh,josh@springsource.org
457,spencer,spencer@joshlong.com
458,ethan,ethan@joshlong.com
459,tiffany,tiffany62@joshlong.com
460,ava,ava36@joshlong.com
461,sofia,sofia@dashaun.com
462,lucas,lucas61@jamesward.dev
463,ethan,ethan21@springsource.org
464,mia,mia@codemail.net
465,lucas,lucas52@springsource.org
466,emma,emma@joshlong.com
467,ava,ava@jamesward.dev
468,emma,emma93@jamesward.dev
469,ethan,ethan@dashaun.com
470,mia,mia51@springsource.org
471,tiffany,tiffany@devlive.com
472,ava,ava@codemail.net
473,zoe,zoe@codemail.net
474,noah,noah@techhub.io
475,spencer,spencer@devlive.com
476,dashaun,dashaun@jamesward.dev
477,ava,ava@devlive.com
478,oliver,oliver@joshlong.com
479,emma,emma15@codemail.net
480,ethan,ethan@devlive.com
481,tiffany,tiffany@techhub.io
482,oliver,oliver@devlive.com
483,liam,liam@techhub.io
484,tiffany,tiffany@devlive.com
485,ava,ava92@springsource.org
486,zoe,zoe@codemail.net
487,matt,matt@joshlong.com
488,zoe,zoe@devlive.com
489,spencer,spencer10@techhub.io
490,oliver,oliver@techhub.io
491,ava,ava@springsource.org
492,zoe,zoe@codemail.net
493,emma,emma92@joshlong.com
494,ava,ava33@dashaun.com
495,james,james71@dashaun.com
496,spencer,spencer@devlive.com
497,mia,mia5@joshlong.com
498,oliver,oliver@springsource.org
499,emma,emma@jamesward.dev
500,zoe,zoe84@devlive.com
501,emma,emma5@codemail.net
502,oliver,oliver@springsource.org
503,oliver,oliver80@devlive.com
504,liam,liam@techhub.io
505,spencer,spencer@springsource.org
506,zoe,zoe98@dashaun.com
507,zoe,zoe@jamesward.dev
508,dashaun,dashaun@joshlong.com
509,james,james@jamesward.dev
510,dashaun,dashaun@joshlong.com
511,emma,emma@codemail.net
512,matt,matt73@devlive.com
513,oliver,oliver15@joshlong.com
514,mia,mia40@dashaun.com
515,oliver,oliver@dashaun.com
516,ethan,ethan96@springsource.org
517,emma,emma@dashaun.com
518,lucas,lucas@dashaun.com
519,tiffany,tiffany@devlive.com
520,ethan,ethan@jamesward.dev
521,josh,josh6@jamesward.dev
522,tiffany,tiffany32@techhub.io
523,matt,matt@joshlong.com
524,oliver,oliver79@devlive.com
525,zoe,zoe@jamesward.dev
526,james,james38@jamesward.dev
527,emma,emma84@techhub.io
528,zoe,zoe25@jamesward.dev
529,tiffany,tiffany19@techhub.io
530,ava,ava@codemail.net
531,liam,liam43@joshlong.com
532,oliver,oliver@joshlong.com
533,james,james81@springsource.org
534,mia,mia@techhub.io
535,dashaun,dashaun48@dashaun.com
536,josh,josh76@techhub.io
537,josh,josh@techhub.io
538,spencer,spencer@devlive.com
539,sofia,sofia55@jamesward.dev
540,noah,noah@jamesward.dev
541,sofia,sofia@joshlong.com
542,tiffany,tiffany@jamesward.dev
543,mia,mia@dashaun.com
544,emma,emma47@devlive.com
545,james,james@techhub.io
546,liam,liam@techhub.io
547,dashaun,dashaun@dashaun.com
548,ava,ava@devlive.com
549,dashaun,dashaun@joshlong.com
550,liam,liam85@techhub.io
551,noah,noah37@joshlong.com
552,dashaun,dashaun75@techhub.io
553,lucas,lucas@dashaun.com
554,josh,josh@springsource.org
555,josh,josh77@techhub.io
556,noah,noah@jamesward.dev
557,noah,noah@dashaun.com
558,spencer,spencer87@jamesward.dev
559,dashaun,dashaun72@jamesward.dev
560,matt,matt@dashaun.com
561,mia,mia52@joshlong.com
562,matt,matt@springsource.org
563,ethan,ethan60@techhub.io
564,matt,matt@joshlong.com
565,mia,mia99@dashaun.com
566,emma,emma@springsource.org
567,noah,noah@springsource.org
568,ethan,ethan@springsource.org
569,tiffany,tiffany@techhub.io
570,dashaun,dashaun17@dashaun.com
571,ethan,ethan49@jamesward.dev
572,noah,noah@springsource.org
573,noah,noah@joshlong.com
574,james,james3@techhub.io
575,zoe,zoe61@codemail.net
576,zoe,zoe@devlive.com
577,matt,matt82@springsource.org
578,zoe,zoe@codemail.net
579,spencer,spencer17@devlive.com
580,josh,josh@dashaun.com
581,josh,josh76@jamesward.dev
582,matt,matt2@jamesward.dev
583,josh,josh77@joshlong.com
584,sofia,sofia6@springsource.org
585,josh,josh@jamesward.dev
586,noah,noah@joshlong.com
587,zoe,zoe65@dashaun.com
588,oliver,oliver@devlive.com
589,dashaun,dashaun@devlive.com
590,noah,noah@jamesward.dev
591,zoe,zoe96@dashaun.com
592,james,james@devlive.com
593,ava,ava@techhub.io
594,josh,josh@codemail.net
595,james,james@springsource.org
596,ethan,ethan@joshlong.com
597,oliver,oliver80@jamesward.dev
598,josh,josh1@codemail.net
599,ethan,ethan@jamesward.dev
600,zoe,zoe@techhub.io
601,ethan,ethan43@joshlong.com
602,ava,ava15@springsource.org
603,tiffany,tiffany@jamesward.dev
604,emma,emma57@dashaun.com
605,emma,emma55@joshlong.com
606,james,james@codemail.net
607,sofia,sofia35@jamesward.dev
608,tiffany,tiffany@springsource.org
609,emma,emma@codemail.net
610,james,james61@springsource.org
611,dashaun,dashaun@springsource.org
612,ethan,ethan80@techhub.io
613,ava,ava@dashaun.com
614,zoe,zoe67@joshlong.com
615,dashaun,dashaun@dashaun.com
616,matt,matt4@techhub.io
617,emma,emma79@jamesward.dev
618,oliver,oliver62@techhub.io
619,zoe,zoe@jamesward.dev
620,spencer,spencer57@devlive.com
621,mia,mia@jamesward.dev
622,spencer,spencer54@techhub.io
623,dashaun,dashaun70@codemail.net
624,emma,emma@jamesward.dev
625,emma,emma15@dashaun.com
626,emma,emma28@devlive.com
627,josh,josh@techhub.io
628,james,james68@techhub.io
629,lucas,lucas@dashaun.com
630,zoe,zoe43@dashaun.com
631,tiffany,tiffany10@dashaun.com
632,ethan,ethan59@devlive.com
633,ava,ava9@springsource.org
634,oliver,oliver80@techhub.io
635,matt,matt@dashaun.com
636,emma,emma24@joshlong.com
637,ethan,ethan38@devlive.com
638,josh,josh32@techhub.io
639,tiffany,tiffany76@codemail.net
640,noah,noah@dashaun.com
641,mia,mia86@devlive.com
642,josh,josh@springsource.org
643,ethan,ethan@springsource.org
644,mia,mia54@dashaun.com
645,oliver,oliver@springsource.org
646,liam,liam60@joshlong.com
647,james,james13@jamesward.dev
648,oliver,oliver37@codemail.net
649,tiffany,tiffany79@springsource.org
650,liam,liam53@springsource.org
651,dashaun,dashaun@springsource.org
652,josh,josh43@techhub.io
653,mia,mia98@techhub.io
654,josh,josh@springsource.org
655,dashaun,dashaun@devlive.com
656,josh,josh73@techhub.io
657,emma,emma75@springsource.org
658,spencer,spencer@techhub.io
659,ethan,ethan@codemail.net
660,liam,liam81@dashaun.com
661,dashaun,dashaun67@dashaun.com
662,josh,josh@techhub.io
663,james,james@techhub.io
664,mia,mia3@devlive.com
665,liam,liam6@jamesward.dev
666,matt,matt16@dashaun.com
667,spencer,spencer@codemail.net
668,ava,ava87@codemail.net
669,matt,matt47@joshlong.com
670,oliver,oliver@codemail.net
671,zoe,zoe@springsource.org
672,liam,liam@joshlong.com
673,sofia,sofia@dashaun.com
674,dashaun,dashaun34@dashaun.com
675,zoe,zoe@techhub.io
676,james,james99@springsource.org
677,matt,matt22@jamesward.dev
678,lucas,lucas57@techhub.io
679,noah,noah22@techhub.io
680,zoe,zoe@devlive.com
681,tiffany,tiffany@codemail.net
682,mia,mia18@codemail.net
683,lucas,lucas19@devlive.com
684,matt,matt56@techhub.io
685,oliver,oliver@codemail.net
686,tiffany,tiffany79@joshlong.com
687,tiffany,tiffany73@springsource.org
688,oliver,oliver@codemail.net
689,ava,ava1@jamesward.dev
690,spencer,spencer@springsource.org
691,mia,mia62@springsource.org
692,liam,liam@codemail.net
693,liam,liam32@joshlong.com
694,mia,mia12@springsource.org
695,sofia,sofia@techhub.io
696,josh,josh77@dashaun.com
697,matt,matt@codemail.net
698,lucas,lucas@dashaun.com
699,emma,emma58@joshlong.com
700,tiffany,tiffany@codemail.net
701,sofia,sofia12@codemail.net
702,tiffany,tiffany@jamesward.dev
703,spencer,spencer91@techhub.io
704,ethan,ethan37@jamesward.dev
705,oliver,oliver45@devlive.com
706,josh,josh97@springsource.org
707,matt,matt@joshlong.com
708,dashaun,dashaun@dashaun.com
709,liam,liam@dashaun.com
710,ethan,ethan22@codemail.net
711,james,james@dashaun.com
712,josh,josh18@devlive.com
713,dashaun,dashaun54@techhub.io
714,emma,emma41@dashaun.com
715,noah,noah41@joshlong.com
716,ava,ava29@dashaun.com
717,ava,ava@dashaun.com
718,spencer,spencer80@techhub.io
719,sofia,sofia24@jamesward.dev
720,sofia,sofia@jamesward.dev
721,noah,noah55@dashaun.com
722,dashaun,dashaun8@devlive.com
723,spencer,spencer3@joshlong.com
724,noah,noah71@jamesward.dev
725,james,james52@dashaun.com
726,emma,emma35@techhub.io
727,emma,emma2@springsource.org
728,dashaun,dashaun@joshlong.com
729,ava,ava@devlive.com
730,dashaun,dashaun87@joshlong.com
731,tiffany,tiffany@joshlong.com
732,lucas,lucas96@jamesward.dev
733,mia,mia@dashaun.com
734,oliver,oliver70@techhub.io
735,mia,mia49@techhub.io
736,tiffany,tiffany32@dashaun.com
737,zoe,zoe@dashaun.com
738,james,james@jamesward.dev
739,liam,liam@jamesward.dev
740,matt,matt77@dashaun.com
741,ava,ava@joshlong.com
742,matt,matt76@codemail.net
743,dashaun,dashaun68@jamesward.dev
744,liam,liam@techhub.io
745,zoe,zoe74@jamesward.dev
746,noah,noah98@joshlong.com
747,dashaun,dashaun53@techhub.io
748,matt,matt@jamesward.dev
749,liam,liam@dashaun.com
750,lucas,lucas35@jamesward.dev
751,liam,liam99@codemail.net
752,ava,ava@joshlong.com
753,oliver,oliver24@devlive.com
754,dashaun,dashaun@devlive.com
755,noah,noah53@dashaun.com
756,lucas,lucas44@joshlong.com
757,oliver,oliver14@jamesward.dev
758,james,james34@codemail.net
759,ethan,ethan@dashaun.com
760,tiffany,tiffany37@techhub.io
761,emma,emma@jamesward.dev
762,ethan,ethan@devlive.com
763,emma,emma88@jamesward.dev
764,mia,mia70@jamesward.dev
765,josh,josh@codemail.net
766,noah,noah33@devlive.com
767,ethan,ethan@joshlong.com
768,sofia,sofia53@jamesward.dev
769,james,james@springsource.org
770,emma,emma53@devlive.com
771,emma,emma22@joshlong.com
772,noah,noah3@jamesward.dev
773,liam,liam61@springsource.org
774,sofia,sofia@codemail.net
775,emma,emma3@techhub.io
776,spencer,spencer@springsource.org
777,james,james@dashaun.com
778,zoe,zoe@dashaun.com
779,noah,noah75@techhub.io
780,tiffany,tiffany@joshlong.com
781,liam,liam@springsource.org
782,liam,liam39@jamesward.dev
783,lucas,lucas19@joshlong.com
784,tiffany,tiffany@jamesward.dev
785,emma,emma@codemail.net
786,matt,matt20@devlive.com
787,james,james96@jamesward.dev
788,lucas,lucas@springsource.org
789,noah,noah@springsource.org
790,ethan,ethan@techhub.io
791,dashaun,dashaun@springsource.org
792,matt,matt@devlive.com
793,ethan,ethan24@devlive.com
794,noah,noah61@joshlong.com
795,ava,ava@devlive.com
796,sofia,sofia1@devlive.com
797,spencer,spencer7@springsource.org
798,josh,josh@jamesward.dev
799,mia,mia16@dashaun.com
800,spencer,spencer@springsource.org
801,lucas,lucas71@codemail.net
802,sofia,sofia@techhub.io
803,tiffany,tiffany27@techhub.io
804,ethan,ethan42@techhub.io
805,sofia,sofia@joshlong.com
806,dashaun,dashaun@jamesward.dev
807,zoe,zoe96@jamesward.dev
808,sofia,sofia@devlive.com
809,matt,matt@devlive.com
810,josh,josh85@jamesward.dev
811,sofia,sofia61@jamesward.dev
812,oliver,oliver@joshlong.com
813,matt,matt@codemail.net
814,tiffany,tiffany12@joshlong.com
815,josh,josh@springsource.org
816,emma,emma4@dashaun.com
817,matt,matt45@codemail.net
818,sofia,sofia@devlive.com
819,dashaun,dashaun28@dashaun.com
820,matt,matt@jamesward.dev
821,josh,josh@techhub.io
822,oliver,oliver35@joshlong.com
823,matt,matt@devlive.com
824,tiffany,tiffany@dashaun.com
825,ava,ava15@devlive.com
826,josh,josh@jamesward.dev
827,tiffany,tiffany@devlive.com
828,tiffany,tiffany@springsource.org
829,tiffany,tiffany@techhub.io
830,tiffany,tiffany@joshlong.com
831,james,james@dashaun.com
832,ava,ava37@jamesward.dev
833,dashaun,dashaun3@springsource.org
834,sofia,sofia@dashaun.com
835,ethan,ethan@joshlong.com
836,lucas,lucas@jamesward.dev
837,spencer,spencer72@codemail.net
838,liam,liam11@codemail.net
839,sofia,sofia@techhub.io
840,lucas,lucas94@devlive.com
841,ava,ava15@dashaun.com
842,zoe,zoe@devlive.com
843,zoe,zoe@joshlong.com
844,spencer,spencer@codemail.net
845,josh,josh39@springsource.org
846,mia,mia@springsource.org
847,ethan,ethan25@devlive.com
848,matt,matt66@springsource.org
849,spencer,spencer@jamesward.dev
850,dashaun,dashaun66@devlive.com
851,ethan,ethan@devlive.com
852,ethan,ethan@devlive.com
853,ethan,ethan@dashaun.com
854,liam,liam60@codemail.net
855,liam,liam68@techhub.io
856,noah,noah@techhub.io
857,josh,josh@joshlong.com
858,zoe,zoe@springsource.org
859,zoe,zoe@devlive.com
860,emma,emma@dashaun.com
861,ava,ava29@techhub.io
862,mia,mia26@techhub.io
863,lucas,lucas@techhub.io
864,dashaun,dashaun96@dashaun.com
865,josh,josh@dashaun.com
866,zoe,zoe@dashaun.com
867,tiffany,tiffany1@dashaun.com
868,zoe,zoe89@jamesward.dev
869,mia,mia@devlive.com
870,matt,matt@dashaun.com
871,spencer,spencer@springsource.org
872,james,james35@devlive.com
873,ethan,ethan@dashaun.com
874,ava,ava@springsource.org
875,tiffany,tiffany79@springsource.org
876,emma,emma@dashaun.com
877,tiffany,tiffany@techhub.io
878,mia,mia39@codemail.net
879,ethan,ethan88@techhub.io
880,matt,matt@joshlong.com
881,josh,josh16@devlive.com
882,tiffany,tiffany@codemail.net
883,ava,ava80@joshlong.com
884,liam,liam@devlive.com
885,ava,ava72@dashaun.com
886,sofia,sofia@springsource.org
887,ava,ava99@jamesward.dev
888,ethan,ethan@techhub.io
889,liam,liam@techhub.io
890,matt,matt@techhub.io
891,josh,josh@dashaun.com
892,emma,emma2@codemail.net
893,james,james69@dashaun.com
894,james,james@devlive.com
895,tiffany,tiffany@joshlong.com
896,mia,mia7@jamesward.dev
897,josh,josh@jamesward.dev
898,ava,ava@techhub.io
899,noah,noah@springsource.org
900,oliver,oliver39@devlive.com
901,mia,mia44@springsource.org
902,dashaun,dashaun99@techhub.io
903,sofia,sofia@springsource.org
904,james,james82@devlive.com
905,ethan,ethan@dashaun.com
906,ava,ava50@techhub.io
907,zoe,zoe@dashaun.com
908,sofia,sofia@springsource.org
909,tiffany,tiffany@codemail.net
910,tiffany,tiffany@devlive.com
911,lucas,lucas@dashaun.com
912,spencer,spencer@codemail.net
913,josh,josh@joshlong.com
914,spencer,spencer@springsource.org
915,james,james96@springsource.org
916,noah,noah@joshlong.com
917,emma,emma49@jamesward.dev
918,ava,ava@jamesward.dev
919,dashaun,dashaun32@codemail.net
920,noah,noah@jamesward.dev
921,matt,matt@joshlong.com
922,spencer,spencer@springsource.org
923,tiffany,tiffany15@dashaun.com
924,liam,liam@devlive.com
925,james,james@jamesward.dev
926,tiffany,tiffany14@springsource.org
927,mia,mia@joshlong.com
928,spencer,spencer11@dashaun.com
929,tiffany,tiffany26@codemail.net
930,josh,josh@devlive.com
931,liam,liam@codemail.net
932,liam,liam5@springsource.org
933,james,james@joshlong.com
934,ava,ava@joshlong.com
935,oliver,oliver@techhub.io
936,mia,mia39@devlive.com
937,james,james@springsource.org
938,liam,liam@springsource.org
939,ava,ava12@devlive.com
940,mia,mia@jamesward.dev
941,tiffany,tiffany@devlive.com
942,emma,emma5@jamesward.dev
943,mia,mia95@joshlong.com
944,ava,ava@joshlong.com
945,noah,noah67@codemail.net
946,ethan,ethan48@dashaun.com
947,dashaun,dashaun36@codemail.net
948,dashaun,dashaun71@codemail.net
949,ava,ava36@dashaun.com
950,emma,emma63@codemail.net
951,lucas,lucas@joshlong.com
952,ethan,ethan@techhub.io
953,mia,mia@devlive.com
954,dashaun,dashaun33@dashaun.com
955,liam,liam49@devlive.com
956,tiffany,tiffany@springsource.org
957,tiffany,tiffany@springsource.org
958,dashaun,dashaun@joshlong.com
959,mia,mia7@devlive.com
960,josh,josh81@codemail.net
961,liam,liam@joshlong.com
962,noah,noah39@joshlong.com
963,josh,josh44@devlive.com
964,mia,mia63@springsource.org
965,lucas,lucas82@jamesward.dev
966,matt,matt@dashaun.com
967,sofia,sofia@jamesward.dev
968,liam,liam@springsource.org
969,tiffany,tiffany76@codemail.net
970,spencer,spencer@jamesward.dev
971,emma,emma@devlive.com
972,sofia,sofia9@jamesward.dev
973,emma,emma54@devlive.com
974,josh,josh1@codemail.net
975,zoe,zoe28@devlive.com
976,sofia,sofia18@springsource.org
977,noah,noah62@springsource.org
978,tiffany,tiffany@techhub.io
979,sofia,sofia@techhub.io
980,matt,matt13@techhub.io
981,dashaun,dashaun@jamesward.dev
982,noah,noah@jamesward.dev
983,ava,ava@joshlong.com
984,lucas,lucas@devlive.com
985,zoe,zoe@devlive.com
986,lucas,lucas@codemail.net
987,liam,liam76@dashaun.com
988,emma,emma14@devlive.com
989,emma,emma@jamesward.dev
990,sofia,sofia@springsource.org
991,ethan,ethan@dashaun.com
992,josh,josh6@codemail.net
993,matt,matt@jamesward.dev
994,sofia,sofia71@codemail.net
995,matt,matt@jamesward.dev
996,ava,ava@jamesward.dev
997,sofia,sofia48@springsource.org
998,oliver,oliver@codemail.net
999,spencer,spencer@joshlong.com
1000,spencer,spencer39@dashaun.com
